,1 thread,2 threads,4 threads,8 threads,16 threads,32 threads
1MB,0.910879,0.456934,0.229505,0.115869,0.0589872,0.0337842
2MB,1.82449,0.913199,0.458569,0.23117,0.117621,0.0661173
4MB,3.64852,1.82872,0.916577,0.461748,0.23446,0.130384
8MB,7.30052,3.65995,1.83677,0.923961,0.468091,0.259931
16MB,14.5669,7.31979,3.67025,1.84784,0.935916,0.519849
32MB,29.1987,14.6229,7.34552,3.69946,1.87343,1.03907
